"AccSpeciesName","LfArea_Uncert","LfArea_WholeLf","LfArea_Lflt","SLA","Lf_Life","N_Area","N_Dry","P_Area","P_Dry","VcM_Area","VcM_Dry"
"Rhabdodendron amazonicum",9500,10522.6866918945,NA,10.9590426099868,NA,NA,NA,NA,NA,NA,NA
"Mirabilis nyctaginea",NA,NA,NA,16.3753213368804,NA,NA,26.53,NA,NA,NA,NA
"Boerhavia diffusa",NA,122.9484,122.9484,7.1051343283541,NA,NA,NA,NA,NA,NA,NA
"Bougainvillea spectabilis",NA,866,866,15.9393165184089,NA,1.65375696789214,24.0851851844444,0.0671611392740436,1.01,NA,NA
"Bougainvillea modesta",NA,NA,885.5,30.650083537,NA,NA,NA,NA,NA,NA,NA
"Neea floribunda",9500,8030.14077089782,7645.6982084623,13.640883544241,NA,2.53340302920702,35.6367099641176,0.093468123612471,1.03521451316667,NA,NA
"Pisonia aculeata",NA,1794.3018664087,1864.15093320435,18.849404,NA,1.97108721801295,37.7993119,0.107275643957954,1.92890286666667,NA,NA
"Phytolacca americana",8334.0901,6075,6075,39.6782118931217,NA,NA,42.14,NA,NA,NA,NA
"Phytolacca acinosa",NA,NA,49978.5,51.25,NA,NA,NA,NA,NA,NA,NA
"Sarcobatus vermiculatus",NA,NA,36.25,NA,NA,NA,18.3351382356,NA,NA,NA,NA
"Carpobrotus edulis",3162,NA,NA,NA,NA,NA,NA,NA,NA,NA,NA
"Carpobrotus acinaciformis",NA,NA,981.22,2.03432977694121,NA,NA,14.8,NA,NA,NA,NA
"Mesembryanthemum nodiflorum",NA,75,75,NA,NA,NA,NA,NA,NA,NA,NA
"Mesembryanthemum crystallinum",NA,16,16,NA,NA,NA,NA,NA,NA,NA,NA
"Tetragonia tetragonoides",NA,561.9036,523.753,15.8862713179147,NA,NA,NA,NA,4.4,NA,NA
"Calandrinia granulifera",NA,NA,NA,50.805,NA,NA,NA,NA,NA,NA,NA
"Claytonia sibirica",316,NA,NA,31.603,NA,NA,NA,NA,NA,NA,NA
"Montia fontana subsp. chondrosperma",NA,NA,6.858,34.984,NA,NA,NA,NA,NA,NA,NA
"Montia fontana",17.5,NA,15.409,61.2236668766667,NA,NA,NA,NA,NA,NA,NA
"Calandrinia eremaea",NA,80.2045,101.903375,18.5332908496193,NA,NA,NA,NA,NA,NA,NA
"Anredera cordifolia",NA,2406.33733333333,2249.8024,NA,NA,NA,NA,NA,NA,NA,NA
"Portulacaria afra",NA,NA,NA,5.233,NA,3.59258551500095,13.8,0.286642461303268,1.5,NA,NA
"Portulaca oleracea",84.75,57.0030357142857,38.3718874458874,17.4234679226586,NA,0.331484996153567,17.9298407959889,NA,0.888571428571429,NA,NA
"Portulaca grandiflora",NA,247.2415,247.2415,NA,NA,NA,NA,NA,NA,NA,NA
"Opuntia humifusa",NA,17,17,NA,NA,NA,NA,NA,NA,NA,NA
"Brasiliopuntia brasiliensis",NA,NA,NA,NA,NA,NA,10.212765955,NA,NA,NA,NA
"Pereskia aculeata",NA,1649,1649,NA,NA,NA,31.705882355,NA,NA,NA,NA
"Pereskia weberiana",NA,796,796,13.29,NA,NA,NA,NA,NA,NA,NA
"Pereskia sacharosa",NA,1240,1240,13.81,NA,NA,NA,NA,NA,NA,NA
"Leuenbergeria portulacifolia",NA,92,92,11.44,NA,NA,NA,NA,NA,NA,NA
"Leuenbergeria quisqueyana",NA,639,639,25.14,NA,NA,NA,NA,NA,NA,NA
"Leuenbergeria guamacho",NA,652,652,14.5094285714286,6,1.92201909076201,23.76,0.118912797281993,1.47,NA,NA
"Leuenbergeria marcanoi",NA,384,384,24.8,NA,NA,NA,NA,NA,NA,NA
"Schlumbergera microsphaerica",NA,NA,NA,NA,NA,NA,40.83333333,NA,NA,NA,NA
"Lepismium houlletianum",NA,NA,NA,NA,NA,NA,24,NA,NA,NA,NA
"Austrocedrus chilensis",NA,14.86,14.86,5.0997195308516,29,2.13780392117647,13.0882352941176,NA,NA,39.415,0.200995905150434
"Pleiostachya pruinosa",NA,NA,NA,23.2558139649942,10,0.653600000004575,15.2,NA,NA,NA,NA
"Grahamia bracteata",NA,620.1493,620.1493,12.42,NA,NA,NA,NA,NA,NA,NA
"Hypertelis cerviana",NA,18,18,NA,NA,NA,NA,NA,NA,NA,NA
"Achatocarpus praecox",NA,675,675,NA,NA,NA,NA,NA,NA,NA,NA
"Achyranthes aspera",NA,NA,NA,16.966,NA,1.49817281622068,25.418,NA,NA,NA,NA
"Alternanthera sessilis",NA,160,160,17.15,NA,0.689655172413793,20,0.0689655172413793,2,NA,NA
"Sericostachys scandens",NA,3850,3850,NA,NA,NA,NA,NA,NA,NA,NA
"Psilotrichum africanum",NA,487.454,487.454,NA,NA,NA,NA,NA,NA,NA,NA
"Iresine diffusa",NA,4406.916,4406.916,NA,NA,NA,NA,NA,NA,NA,NA
"Alternanthera ficoidea",NA,1260,1260,NA,NA,NA,NA,NA,NA,NA,NA
"Amaranthus tuberculatus",NA,NA,NA,16.260162601813,NA,NA,16.32,NA,NA,NA,NA
"Amaranthus palmeri",NA,NA,NA,14.8809523809762,NA,NA,28.94,NA,NA,NA,NA
"Amaranthus blitum",NA,NA,235.755666666667,36.1486666666667,NA,NA,NA,NA,NA,NA,NA
"Amaranthus hybridus",NA,2139.0775,2139.0775,NA,NA,NA,NA,NA,5.8,NA,NA
"Amaranthus retroflexus",510.375,NA,3349.51,16.9535842733957,6,1.43558174861926,31.0555555555556,NA,NA,NA,NA
"Amaranthus caudatus",NA,NA,4095.626,19.624,NA,NA,NA,NA,NA,NA,NA
"Anabasis salsa",NA,NA,NA,2.34333647978752,NA,3.03214575246525,12.1261860779352,NA,0.6175,NA,NA
"Chenopodium acuminatum",983.333333333333,708.576607980975,521.038303990488,20.8892408613006,6,1.38811332808594,29.7460577143154,0.125567158204625,2.30835718431973,NA,NA
"Suaeda nigra",NA,NA,NA,NA,NA,NA,25,NA,NA,NA,NA
"Halocnemum strobilaceum",NA,53.7276,NA,3.42058866043646,NA,NA,12.1,NA,1.043333333325,NA,NA
"Kalidium foliatum",129.142857142857,NA,33.35,4.65978250190887,NA,2.96151415666377,14.7214916293226,NA,1.50188888889167,NA,NA
"Kalidium cuspidatum",NA,NA,NA,NA,NA,NA,27.1,NA,1.5975,NA,NA
"Kalidium caspicum",NA,NA,NA,NA,NA,NA,26.1,NA,1.1,NA,NA
"Halostachys belangeriana",2.4125,NA,NA,4.00551331766359,NA,3.58873146337437,16.5866115236802,0.4282982791587,2.35064935064545,NA,NA
"Salicornia europaea",NA,NA,107.5065,3.90426756495479,NA,2.50301279791674,15.894443586777,NA,1.55704545454545,NA,NA
"Salicornia dolichostachya",NA,NA,NA,NA,NA,NA,40,NA,NA,NA,NA
"Suaeda salsa",137.5,NA,NA,9.87484213379119,NA,0.711226375067183,20.4448129150914,NA,2.41841414141515,NA,NA
"Suaeda heterophylla",15,NA,NA,10.7545635986155,NA,1.67904378580483,18.0573831785234,NA,NA,NA,NA
"Suaeda vera",32,20.4441666666667,NA,5.59526726749745,NA,NA,NA,NA,NA,NA,NA
"Suaeda physophora",137.5,NA,NA,16.858590787977,NA,1.10931173899408,22.6257163316261,NA,0.538,NA,NA
"Suaeda microphylla",15,NA,NA,5.16571539224294,NA,1.16621314680556,6.02432520318401,NA,NA,NA,NA
"Suaeda glauca",9.8875,NA,266.8,19.8037717899816,6,1.4543045881833,27.7755597514768,0.0821834284466746,1.8153631231251,NA,NA
"Dissocarpus paradoxus",NA,11.8218571428571,11.1403452380952,6.67120539021722,NA,NA,NA,NA,NA,NA,NA
"Sclerolaena obliquicuspis",NA,8.18193333333333,8.18193333333333,5.06824171983863,NA,NA,NA,NA,NA,NA,NA
"Maireana brevifolia",NA,1.4918,1.4918,7.24878522838853,NA,NA,NA,NA,NA,NA,NA
"Grubovia dasyphylla",13.6666666666667,NA,23.345,14.4685374728286,6,1.39501263908313,20.5309250065255,0.0966619321310906,2.1352493620649,NA,NA
"Camphorosma monspeliaca",NA,NA,NA,11.307100859,NA,NA,NA,NA,NA,NA,NA
"Bassia scoparia",60.625,96,85.9105,25.8383328072351,6,0.987601256578408,34.9438748099956,0.0647918611796737,1.88100033335874,NA,NA
"Bassia prostrata",64.6363636363636,233.338888888889,274.30375,11.6272802534446,6,1.61536523833478,19.9937191258975,0.170264946975864,2.12957953381852,NA,NA
"Sympegma regelii",13.4,NA,16.8973333333333,7.93717665774395,NA,2.94219464810303,23.3437063320426,NA,0.51,NA,NA
"Haloxylon ammodendron",NA,NA,NA,5.34509787519003,NA,5.00684849947571,21.9695139767867,NA,1.26513071895556,NA,NA
"Haloxylon persicum",NA,NA,NA,NA,NA,NA,21.7833333332857,NA,1.439375,NA,NA
"Iljinia regelii",NA,NA,NA,NA,NA,NA,NA,NA,2.08,NA,NA
"Horaninovia ulicina",NA,NA,NA,6.84,NA,3.17,21.7,NA,1.54,NA,NA
"Halogeton glomeratus",3.95833333333333,NA,4.002,6.84838378924511,NA,2.09076070935605,18.8656671464519,NA,0.895,NA,NA
"Anabasis truncata",2.55,NA,NA,2.5524914640546,NA,4.58788815041136,11.7105453420458,NA,NA,NA,NA
"Anabasis brevifolia",NA,NA,NA,8.6206896552,NA,NA,NA,NA,0.6,NA,NA
"Anabasis aphylla",NA,NA,NA,2.91673237885248,NA,4.37399740874833,17.401261681956,NA,1.55,NA,NA
"Noaea mucronata",NA,9.744,NA,8.33405536500935,NA,NA,40.548997932829,NA,NA,NA,NA
"Salsola collina",55.1666666666667,122.1225,121.841625,9.85973665385538,6,2.23937872256694,21.1207559664056,0.15609769964649,1.772182734923,NA,NA
"Salsola genistoides",NA,16,16,NA,NA,NA,NA,NA,NA,NA,NA
"Salsola arbusculiformis",NA,19.9205216714299,NA,4.55014474280707,NA,NA,NA,NA,NA,NA,NA
"Salsola laricifolia",NA,NA,NA,3.92,NA,4.13,16.21,NA,1.11,NA,NA
"Salsola soda",NA,NA,NA,4.75,NA,2.07,9.8,NA,NA,NA,NA
"Xylosalsola arbuscula",NA,NA,NA,8.26,NA,5.35835351089588,44.26,0.337772397094431,2.79,NA,NA
"Kali turgidum",32,33.1915557692308,27.8090814479638,7.53000164909556,NA,NA,25,NA,2.5,NA,NA
"Nanophyton erinaceum",2.4125,NA,0.667,2.88680735259199,NA,3.62395720598027,10.4613094127715,NA,NA,NA,NA
"Petrosimonia sibirica",NA,NA,NA,5.13,NA,3.23,16.54,NA,NA,NA,NA
"Caroxylon orientale",NA,NA,NA,NA,NA,NA,42.9,NA,3,NA,NA
"Caroxylon passerinum",2.275,NA,1.334,8.3819686137527,6,3.84296472542914,21.5308429503589,0.233318880084969,0.947182836899146,NA,NA
"Caroxylon vermiculatum",NA,16,16,NA,NA,NA,NA,NA,NA,NA,NA
"Corispermum chinganicum",13,NA,6.67,7.30939274679854,NA,1.34272554779852,9.81450837992942,NA,NA,NA,NA
"Corispermum orientale",NA,NA,NA,NA,NA,NA,18.6,NA,2.37,NA,NA
"Corispermum heptapotamicum",NA,NA,NA,11.24,NA,1.47,16.53,NA,NA,NA,NA
"Corispermum macrocarpum",NA,190.988305701793,190.988305701793,NA,NA,NA,NA,NA,NA,NA,NA
"Corispermum mongolicum",NA,NA,NA,10.9575,NA,1.7425,19.16,NA,NA,NA,NA
"Corispermum puberulum",NA,NA,NA,9.1541816775,NA,NA,NA,NA,NA,NA,NA
"Corispermum americanum",NA,NA,NA,17.354,NA,NA,NA,NA,NA,NA,NA
"Agriophyllum squarrosum",118,96.7443860256732,68.3821930128366,12.4137615797305,6,1.57014354900293,20.2129906145282,NA,2.92,NA,NA
"Axyris amaranthoides",NA,NA,NA,10.7167434017595,NA,1.6306,28.0364171428571,NA,2.58079166666667,NA,NA
"Krascheninnikovia ceratoides",102.277272727273,97.9689048991334,584.017238873492,8.19570711035046,6,2.36754072583922,23.7289347948143,0.199635915774144,1.94727556924594,NA,NA
"Ceratocarpus arenarius",14.3333333333333,NA,6.67,14.02498017506,NA,1.04390767214638,16.7792303843009,NA,2.94,NA,NA
"Oxybasis rubra",316,NA,1412.28718181818,20.3456363636364,NA,NA,NA,NA,NA,NA,NA
"Oxybasis urbica",3162,NA,643.555,13.61,NA,NA,NA,NA,NA,NA,NA
"Dysphania ambrosioides",NA,NA,1230.38,29.518,NA,NA,NA,NA,3.9,NA,NA
"Dysphania glomulifera",NA,6,6,NA,NA,NA,NA,NA,NA,NA,NA
"Dysphania cristata",NA,133,133,16.87,NA,NA,NA,NA,NA,NA,NA
"Spinacia oleracea",NA,NA,NA,35.4147692307693,NA,NA,NA,NA,6.1,94.368421065,NA
"Chenopodiastrum murale",316,NA,NA,NA,NA,NA,NA,NA,NA,NA,NA
"Chenopodium album",716.4,872.026666666667,896.051214285714,29.6270436817776,3.216,2.0879273427514,35.3089606029144,0.148102375196358,3.5400370333599,106.059658244823,1.76009427636386
"Chenopodium ficifolium",NA,NA,763.558166666667,19.2788571428571,NA,NA,NA,NA,NA,NA,NA
"Chenopodium desertorum subsp. anidiophyllum",NA,90.9760666666667,145.488033333333,9.03,NA,NA,NA,NA,NA,NA,NA
"Chenopodium nutans",NA,31.8203877777778,66.899205,10.772474570476,NA,NA,NA,NA,NA,NA,NA
"Chenopodium auricomum",NA,583,583,9.09,NA,NA,NA,NA,NA,NA,NA
"Atriplex halimus",NA,764.525,90.7203125,23.6761403807601,NA,3.87555077347499,51.65,0.150808996851674,6.41,NA,NA
"Atriplex parryi",NA,NA,NA,NA,NA,NA,10.9702352941176,NA,NA,NA,NA
"Atriplex lampa",NA,36.808,36.808,5.06329113922026,NA,2.60700000001043,11.6777777777778,NA,0.783333333333333,NA,NA
"Atriplex centralasiatica",125.8,NA,100.05,13.1218819790129,NA,1.32931863641842,17.2018722901497,NA,NA,NA,NA
"Atriplex spongiosa",NA,53,53,NA,NA,NA,NA,NA,NA,NA,NA
"Atriplex rosea",NA,NA,433.913,18.732,NA,NA,NA,NA,NA,NA,NA
"Atriplex hortensis",NA,NA,NA,22.4265541667421,NA,2.22,52.7,NA,NA,NA,NA
"Atriplex littoralis",NA,406,1150.03211111111,14.5272598179535,NA,NA,24.9,NA,2.61,NA,NA
"Atriplex patula",3162,990.25,1222.5,17.3763426462743,NA,NA,NA,NA,NA,NA,NA
"Halimione pedunculata",NA,NA,94.64,14.266,NA,NA,NA,NA,NA,NA,NA
"Halimione portulacoides",NA,NA,525,12.404046746275,NA,NA,13.6,NA,NA,NA,NA
"Holmbergia tweedii",NA,675,675,NA,NA,NA,NA,NA,NA,NA,NA
"Grayia spinosa",NA,NA,NA,NA,NA,NA,16.3333333333333,NA,NA,NA,NA
"Blitum virgatum",NA,116,5858,15.0829562593557,NA,NA,NA,NA,NA,NA,NA
"Blitum bonus-henricus",3162,237.466666666667,4640.61214285714,26.8455455773772,NA,2.03698854336041,52.6782833333333,NA,NA,NA,NA
"Beta vulgaris",3162,NA,18496,21.467460571875,NA,2.80093529523323,38.1,NA,4.25,203.9868421,NA
"Corrigiola litoralis",17.5,NA,23.3066666666667,28.2293333333333,NA,NA,NA,NA,NA,NA,NA
"Cardionema ramosissimum",NA,3.232,3.232,NA,NA,NA,NA,NA,NA,NA,NA
"Polycarpon tetraphyllum",32,NA,NA,64.3465552248614,NA,NA,NA,NA,NA,NA,NA
"Illecebrum verticillatum",32,NA,3.978,58.458,NA,NA,NA,NA,NA,NA,NA
"Herniaria ciliolata",32,NA,NA,NA,NA,NA,NA,NA,NA,NA,NA
"Spergularia marina",32,38.3333333333333,34.7976666666667,16.5302176870748,NA,NA,NA,NA,NA,NA,NA
"Spergularia bocconei",32,NA,NA,NA,NA,NA,NA,NA,NA,NA,NA
"Spergula arvensis",3,10.75,10.75,22.6917378154964,NA,2.38132099552298,29.6,NA,NA,NA,NA
"Agrostemma githago",316,NA,1017.83,13.9128494098,NA,NA,NA,NA,NA,NA,NA
"Silene uniflora",32,134.85,273,22.4649336677101,NA,1.70212029652424,40.2948261331565,NA,NA,NA,NA
"Silene vulgaris",316,1145.86,1699.88888888889,25.007158733899,NA,1.23706140911208,28.1316297737468,NA,2.25,NA,NA
"Silene noctiflora",3162,NA,1882.5,21.9,NA,NA,NA,NA,NA,NA,NA
"Silene dioica",3162,2305.4927,3533,43.1322459355882,NA,1.22895044075678,35.1381062580407,NA,NA,NA,NA
"Silene latifolia",3162,83.47,1762.5,17.9046767923258,NA,NA,NA,NA,NA,NA,NA
"Silene latifolia subsp. alba",NA,814.6,NA,24.739,NA,NA,NA,NA,NA,NA,NA
"Silene conica",316,52.45,NA,39.7165,NA,NA,NA,NA,NA,NA,NA
"Silene otites",316,730.8,208.195,12.9968888888889,NA,NA,NA,NA,NA,NA,NA
"Silene cretica",NA,NA,344.06,23.378,NA,NA,NA,NA,NA,NA,NA
"Silene antirrhina",NA,NA,NA,20.0000000000001,NA,NA,22.69,NA,NA,NA,NA
"Silene gallica",316,148.905,463.78,25.8052750630435,NA,0.833777588229022,15.64,0.134342680456339,2.52,NA,NA
"Gypsophila vaccaria",NA,NA,2847.818,24.9311733648542,NA,NA,NA,NA,NA,NA,NA
"Silene flos-cuculi",316,NA,919,25.2091764363426,NA,0.587235649546828,15.55,0.0672205438066465,1.78,NA,NA
"Saponaria officinalis",3162,675,1420.25,23.35,NA,NA,NA,NA,NA,NA,NA
"Dianthus gratianopolitanus",32,NA,79.04,15.757,NA,NA,NA,NA,NA,NA,NA
"Dianthus chinensis",5.94166666666667,120,86.263125,12.9979015582447,6,0.918557117671086,11.8416720078744,0.0902793727847326,1.11047183010531,NA,NA
"Petrorhagia prolifera",32,NA,57.83,17.605,NA,NA,NA,NA,NA,NA,NA
"Cerastium arvense",23.4438666666667,NA,NA,23.0360830092341,NA,2.05713438804046,31.4433333342857,0.0313957246701335,0.609177224,NA,NA
"Cerastium tomentosum",NA,130.46,110.42,23.9290714285714,NA,1.10775090898598,25.522,NA,NA,NA,NA
"Cerastium fontanum",316,132.25,82.5635833333333,30.3072478880983,8.44,0.815457095807965,20.0422614459958,0.193416921141913,4.32075355057143,NA,NA
"Cerastium latifolium",NA,NA,NA,21.736285826,NA,NA,NA,NA,NA,NA,NA
"Cerastium nigrescens",24.75,NA,NA,NA,NA,NA,NA,NA,NA,NA,NA
"Cerastium glomeratum",32,124.1125,176.666666666667,25.5524263201556,NA,0.924814949983938,19.4566666666667,0.0408126858275521,0.8236,NA,NA
"Cerastium brachypetalum",32,NA,NA,NA,NA,NA,NA,NA,NA,NA,NA
"Acrostichum aureum",NA,NA,NA,8.17513440625,NA,NA,NA,NA,1.1,NA,NA
"Stellaria alsine",145.428571428571,435.2,767.884,51.7915384996494,NA,NA,NA,NA,NA,NA,NA
"Stellaria graminea",32,174.2,120.454545454545,32.4022388690321,18,1.08489270544992,28.2142857142857,0.0692244715641712,2.08230541633333,NA,NA
"Stellaria longipes",6.70666666666667,NA,NA,1.16976744186047,NA,NA,NA,NA,NA,NA,NA
"Arenaria serpyllifolia",32,13.37,14.119,20.5302504654092,6,0.441000000004388,8.06666666666667,0.185220000001843,3.46666666666667,NA,NA
"Arenaria ciliata",3,NA,NA,NA,NA,NA,NA,NA,NA,NA,NA
"Araucaria araucana",NA,NA,30.38,3.14,288,1.84713375796178,5.8,NA,NA,NA,NA
"Eriachne mucronata",NA,70,70,NA,NA,NA,NA,NA,NA,NA,NA
"Moehringia trinervia",316,NA,81.3333333333333,36.1,NA,NA,NA,NA,NA,NA,NA
"Gypsophila perfoliata",NA,NA,1768.392,16.418,NA,NA,NA,NA,NA,NA,NA
"Sagina maritima",3,NA,4,14.3,NA,NA,NA,NA,NA,NA,NA
"Sagina procumbens",3,NA,8,20.0815,NA,0.763639841247071,15.97,0.116697747812365,2.4405,NA,NA
"Sagina nivalis",3,NA,NA,NA,NA,NA,NA,NA,NA,NA,NA
"Honckenya peploides",32,NA,46.86,18.5241922983333,NA,1.52662290299052,20.93,0.179431072210066,2.46,NA,NA
"Minquartia guianensis",9500,10010.2234102103,10222.0380307041,12.5295098753795,NA,1.86211014983985,20.8649358557333,0.091287885355643,0.939097137177241,30.61,0.302275970006053
"Wurfbainia compacta",NA,NA,NA,22.9357798165138,24.7,0.893799999999998,20.5,NA,NA,NA,NA
"Tamarix chinensis",NA,NA,NA,NA,NA,NA,26.1,NA,2.39,NA,NA
"Hololachna songarica",3.11428571428571,NA,3.07097916666667,9.99652481845588,6,1.81045026771781,17.0719255459569,0.16634661416524,1.03609546103459,NA,NA
"Frankenia laevis",3,NA,NA,NA,36,NA,NA,NA,NA,NA,NA
"Frankenia pulverulenta",NA,9.6682,NA,22.7795619047619,NA,NA,NA,NA,NA,NA,NA
"Plumbago zeylanica",NA,2464,2464,NA,NA,NA,NA,NA,NA,NA,NA
"Goniolimon speciosum",NA,NA,NA,7.8727759408,NA,NA,NA,NA,NA,NA,NA
"Limonium sinuatum",NA,75,75,NA,NA,NA,NA,NA,NA,NA,NA
"Limonium gibertii",NA,NA,NA,12.2699386503067,NA,NA,NA,NA,NA,NA,NA
"Limonium echioides",NA,69.3858,NA,10.5543764725421,NA,NA,13.9542500868965,NA,NA,NA,NA
"Limonium magallufianum",NA,NA,NA,11.7785630153121,NA,NA,NA,NA,NA,NA,NA
"Limonium cossonianum",NA,1265.36633333333,1265.36633333333,5.76821032664387,NA,NA,NA,NA,NA,NA,NA
"Limonium aureum",2.275,NA,0.3335,NA,6,NA,27.25625,NA,1.1905,NA,NA
"Limonium vulgare",3162,NA,3078.465,11.2471111111111,4,NA,NA,NA,NA,NA,NA
"Limonium gmelinii",NA,2300.1,NA,12.08,NA,NA,NA,NA,NA,NA,NA
"Limonium bellidifolium",316,NA,NA,NA,NA,NA,NA,NA,NA,NA,NA
"Limonium insigne",NA,525,525,NA,NA,NA,NA,NA,NA,NA,NA
"Armeria maritima",174,74.3633333333333,99.994,14.9866614577706,NA,2.04839848117843,20.208,NA,2.5,NA,NA
"Fagopyrum esculentum",2698.3105411,NA,NA,37.8454006203028,NA,1.04985880246694,39.7872804191908,NA,NA,NA,NA
"Persicaria virginiana",NA,NA,NA,21.6463729783348,NA,NA,29.66,NA,NA,NA,NA
"Persicaria maculosa",3162,827.275794573643,837.927480916031,38.8326732275783,NA,0.84988858907212,18.0148725482396,NA,NA,NA,NA
"Persicaria bungeana",NA,NA,NA,17.9547535500352,NA,1.59630238095238,29.5933333333333,NA,NA,NA,NA
"Persicaria minor",316,NA,410.188380952381,42.0884285714286,NA,NA,NA,NA,NA,NA,NA
"Persicaria decipiens",NA,1548.98125,NA,27.5901004222515,NA,0.919630623370241,24.27,NA,NA,NA,NA
"Persicaria hydropiper",3162,2632.6,1964.46683636364,29.0163177226814,NA,0.638573058232374,23.516893863678,NA,NA,NA,NA
"Persicaria lapathifolia",3162,8000,6619.5715,22.1757069326676,NA,1.82,15.54,NA,NA,NA,NA
"Persicaria amphibia",3162,675,1715.64545454545,17.2746895390909,NA,NA,NA,NA,NA,NA,NA
"Persicaria thunbergii",NA,NA,NA,41.8672862218182,NA,0.973346000002012,40.9,NA,NA,NA,NA
"Persicaria sagittata",NA,3537.683,3537.683,57.808807997851,NA,0.599243151233771,21.31099152565,NA,NA,NA,NA
"Persicaria punctata",NA,NA,NA,27.9558011049862,NA,NA,36.79,NA,3,NA,NA
"Bistorta affinis",NA,524,524,26.2506373663177,NA,NA,NA,NA,NA,NA,NA
"Bistorta macrophylla",NA,NA,NA,18.4978963266667,NA,2.36712326521163,29.3972222216667,0.0725294869527819,1.296836276,NA,NA
"Bistorta officinalis",3162,6010.50752777778,12770.5,22.1385097396451,3.6,2.21606151573664,32.0735857184852,0.235923561197786,1.76,52.3341666666666,0.282201115516474
"Bistorta amplexicaulis",NA,NA,NA,21.068376076188,NA,1.84585302232153,38.1527025760342,NA,NA,NA,NA
"Bistorta vivipara",323.858333333333,456.140215816571,617.772435587762,15.7853369042368,1.64798573397453,1.92499799305094,28.2029274572549,0.094346898480836,2.08313203565217,28.8051919190099,0.470339969666667
"Koenigia islandica",32,NA,NA,NA,NA,NA,NA,NA,NA,NA,NA
"Koenigia divaricata",1054.16666666667,NA,174.531666666667,13.8164731278816,6,1.69174034932207,23.7198816717526,0.12880757429343,1.60292729196138,NA,NA
"Koenigia polystachya",3162,NA,NA,37.748,NA,NA,NA,NA,NA,NA,NA
"Atraphaxis bracteata",108.25,NA,26.68,NA,6,NA,NA,NA,NA,NA,NA
"Atraphaxis pungens",NA,NA,NA,8.7527352298,NA,NA,19.8,NA,1.09,NA,NA
"Atraphaxis manshurica",912.5,NA,4002,NA,6,NA,NA,NA,NA,NA,NA
"Atraphaxis frutescens",137.5,NA,NA,5.97987951789818,NA,1.13461274732738,8.66105705850256,NA,1.09,NA,NA
"Polygonum rurivagum",32,NA,NA,NA,NA,NA,NA,NA,NA,NA,NA
"Polygonum aviculare",197,258.07,544.083333333333,20.8168077827644,NA,1.36470422929305,29.524313575,NA,2.34318181818182,NA,NA
"Fallopia sachalinensis",31623,NA,51200,25.4048981224524,NA,1.58683749999721,40.5,NA,NA,NA,NA
"Fallopia convolvulus",3162,1451.83333333334,638.833333333333,34.3641321258803,NA,0.314066919042701,17.405,NA,NA,NA,NA
"Fallopia dumetorum",3162,NA,1793.19442857143,27.7607142857143,NA,NA,NA,NA,NA,NA,NA
"Fallopia scandens",NA,NA,NA,25.8416681426142,NA,NA,16.13,NA,NA,NA,NA
"Muehlenbeckia australis",NA,714.432248888889,715.011396190476,39.6300766334919,NA,NA,NA,NA,NA,NA,NA
"Muehlenbeckia complexa",32,128.39573,128.39573,38.8470643284713,NA,NA,NA,NA,NA,NA,NA
"Muehlenbeckia axillaris",NA,60.791,60.791,20.5356154915822,NA,NA,NA,NA,NA,NA,NA
"Rheum nobile",NA,NA,NA,16.5214636618657,NA,2.22612795048656,34.9020025272684,NA,NA,NA,NA
"Rheum acuminatum",NA,NA,NA,26.7666544915746,NA,1.85467830338292,48.1803771831773,NA,NA,NA,NA
"Rheum tanguticum",NA,NA,NA,11.5035,NA,2.68389097563559,30.78,NA,NA,NA,NA
"Oxyria digyna",316,167,8433.5,23.5194471176409,1.28904109589041,1.9816966088136,38.025,NA,3.6,NA,NA
"Rumex acetosa",1435.97804878049,3474.08238730159,1070.50661538462,28.8735215490156,NA,1.56143616808278,27.6455780443025,0.127196467213442,3.43635615919823,NA,NA
"Rumex crispus",17392.5,81609.2375,43949.61875,20.9519806158611,NA,NA,25.3042,NA,2.2,NA,NA
"Rumex acetosella",316,294.611317593011,189.563688888889,23.1821346515777,3.24,1.22703328722092,30.8089520896456,0.126476087578573,3.08760203101975,NA,NA
"Rumex obtusifolius",17392.5,35006.25,22767.5175,27.1349544001343,NA,1.41928872078535,38.6912374598586,0.164365872390622,4.138255138,NA,NA
"Rumex conglomeratus",3162,NA,4190,22,NA,NA,NA,NA,NA,NA,NA
"Rumex verticillatus",NA,NA,NA,15.3697888067582,NA,1.18944,15.68,NA,NA,NA,NA
"Rumex longifolius",31623,NA,NA,30.4335,NA,NA,NA,NA,NA,NA,NA
"Calligonum roborowskii",NA,NA,NA,NA,NA,NA,NA,NA,1.323333333325,NA,NA
"Calligonum mongolicum",NA,NA,NA,2.36,NA,5.87,20.8266666666667,NA,1.71,NA,NA
"Calligonum rubicundum",NA,NA,NA,3.56687521920241,NA,1.63848354053564,18.2570665258221,NA,1.256666666675,NA,NA
"Calligonum leucocladum",NA,NA,NA,NA,NA,NA,24.1,NA,1.41125,NA,NA
"Coccoloba mollis",32250,28281.8833711777,45730.3472600666,18.4103424029879,NA,1.61545955858364,25.4484573333333,0.0767407504774404,0.9306,NA,NA
"Coccoloba densifrons",9500,9083.14145824267,8613.79072912133,14.9510924510202,NA,1.38887586702183,20.1178806666667,0.0725726118524363,0.943326810966667,37.53,0.529968898305084
"Coccoloba swartzii",NA,675,675,5.2826201796,NA,NA,NA,NA,NA,NA,NA
"Eriogonum longifolium",NA,NA,NA,9.757359098,NA,NA,NA,NA,NA,NA,NA
"Triplaris americana",55000,22519.138470287,22519.138470287,20.383299389002,NA,1.27588235196079,26,NA,NA,NA,NA
"Triplaris poeppigiana",55000,27830.5075,27830.5075,21.004156604,NA,1.56113480861,32.79032,0.0955468413627145,2.006880819,NA,NA
"Drosera anglica",316,NA,92.247,28.9613333333333,NA,NA,NA,NA,NA,NA,NA
"Drosera rotundifolia",32,32,66.8866666666667,40.8325692099922,2.5,0.302163643064422,12.3022275948636,NA,1.8,NA,NA
"Drosera peltata",NA,16,16,NA,NA,NA,NA,NA,NA,NA,NA
"Drosera spatulata",NA,26.795128,23.482019,34.5165808431507,NA,NA,NA,NA,NA,NA,NA
"Ancistrocladus tectorius",NA,NA,NA,14.545,NA,0.0862839463733242,1.255,0.00756273633551048,0.11,NA,NA
